{
    "Age": {
        "train_mean": 0.0,
        "live_mean": 2.438,
        "absolute_shift": 2.438,
        "drift_detected": "True"
    },
    "Fare": {
        "train_mean": 0.0,
        "live_mean": 0.0,
        "absolute_shift": 0.0,
        "drift_detected": "False"
    },
    "FareAgeRatio": {
        "train_mean": 0.0,
        "live_mean": 0.5,
        "absolute_shift": 0.5,
        "drift_detected": "False"
    },
    "Sex": {
        "train_proportions": {
            "1": 0.663,
            "0": 0.337
        },
        "live_proportions": {
            "0.5522242784500122": 0.125,
            "0.1352233588695526": 0.062,
            "0.9369134902954102": 0.062,
            "0.6013383269309998": 0.062,
            "0.9775166511535645": 0.062,
            "0.185145154595375": 0.062,
            "0.1371313482522964": 0.062,
            "0.1412137746810913": 0.062,
            "0.4798672795295715": 0.062,
            "0.5250843167304993": 0.062,
            "0.9443953633308412": 0.062,
            "0.8060103058815002": 0.062,
            "0.8894708156585693": 0.062,
            "0.215281456708908": 0.062,
            "0.0838088318705558": 0.062
        },
        "proportion_shifts": {
            "0": 0.337,
            "1": 0.663,
            "0.9369134902954102": 0.062,
            "0.5522242784500122": 0.125,
            "0.1352233588695526": 0.062,
            "0.6013383269309998": 0.062,
            "0.9775166511535645": 0.062,
            "0.185145154595375": 0.062,
            "0.1371313482522964": 0.062,
            "0.1412137746810913": 0.062,
            "0.5250843167304993": 0.062,
            "0.9443953633308412": 0.062,
            "0.8060103058815002": 0.062,
            "0.8894708156585693": 0.062,
            "0.0838088318705558": 0.062,
            "0.215281456708908": 0.062,
            "0.4798672795295715": 0.062
        },
        "drift_detected": true
    },
    "Pclass": {
        "train_proportions": {
            "3": 0.592,
            "2": 0.24,
            "1": 0.168
        },
        "live_proportions": {
            "0": 0.562,
            "1": 0.438
        },
        "proportion_shifts": {
            "0": 0.562,
            "1": 0.269,
            "2": 0.24,
            "3": 0.592
        },
        "drift_detected": true
    },
    "Embarked_C": {
        "train_proportions": {
            "0": 0.845,
            "1": 0.155
        },
        "live_proportions": {
            "-0.2835405834372405": 0.125,
            "-0.3757276437912799": 0.062,
            "0.2933756769691684": 0.062,
            "-0.3853264645535559": 0.062,
            "0.1373195312373034": 0.062,
            "-0.4162510512950997": 0.062,
            "-0.3861461673697843": 0.062,
            "-0.0980387293494225": 0.062,
            "2.5924450004931106": 0.062,
            "-0.3392765658888174": 0.062,
            "0.3716490922416612": 0.062,
            "0.9623301618971378": 0.062,
            "-0.316104541913544": 0.062,
            "-0.3455955385412413": 0.062,
            "-0.1692946743262879": 0.062
        },
        "proportion_shifts": {
            "0": 0.845,
            "1": 0.155,
            "-0.3757276437912799": 0.062,
            "-0.2835405834372405": 0.125,
            "0.2933756769691684": 0.062,
            "-0.3853264645535559": 0.062,
            "0.1373195312373034": 0.062,
            "-0.4162510512950997": 0.062,
            "-0.3861461673697843": 0.062,
            "-0.0980387293494225": 0.062,
            "2.5924450004931106": 0.062,
            "-0.3392765658888174": 0.062,
            "0.3716490922416612": 0.062,
            "-0.316104541913544": 0.062,
            "-0.1692946743262879": 0.062,
            "0.9623301618971378": 0.062,
            "-0.3455955385412413": 0.062
        },
        "drift_detected": true
    },
    "Embarked_S": {
        "train_proportions": {
            "1": 0.763,
            "0": 0.237
        },
        "live_proportions": {
            "0": 0.875,
            "1": 0.125
        },
        "proportion_shifts": {
            "0": 0.638,
            "1": 0.638
        },
        "drift_detected": true
    },
    "Embarked_Q": {
        "train_proportions": {
            "0": 0.918,
            "1": 0.082
        },
        "live_proportions": {
            "1": 0.812,
            "0": 0.188
        },
        "proportion_shifts": {
            "0": 0.731,
            "1": 0.731
        },
        "drift_detected": true
    },
    "IsChild": {
        "train_proportions": {
            "0": 0.908,
            "1": 0.092
        },
        "live_proportions": {
            "-1.1029461712663395": 0.188,
            "0.4514195309663413": 0.125,
            "-0.5108068561300801": 0.062,
            "0.6734717741424385": 0.062,
            "-0.2147371985619504": 0.062,
            "-0.0667023697778856": 0.062,
            "1.857750404414957": 0.062,
            "-1.9911551439707285": 0.062,
            "-0.140719784169918": 0.062,
            "-1.843120315186664": 0.062,
            "2.153820061983087": 0.062,
            "-0.658841684914145": 0.062,
            "0.747489188534471": 0.062
        },
        "proportion_shifts": {
            "0": 0.908,
            "1": 0.092,
            "-0.5108068561300801": 0.062,
            "0.4514195309663413": 0.125,
            "0.6734717741424385": 0.062,
            "-0.2147371985619504": 0.062,
            "-0.0667023697778856": 0.062,
            "1.857750404414957": 0.062,
            "-0.140719784169918": 0.062,
            "2.153820061983087": 0.062,
            "0.747489188534471": 0.062,
            "-1.9911551439707285": 0.062,
            "-1.843120315186664": 0.062,
            "-0.658841684914145": 0.062,
            "-1.1029461712663395": 0.188
        },
        "drift_detected": true
    },
    "IsElderly": {
        "train_proportions": {
            "0": 0.974,
            "1": 0.026
        },
        "live_proportions": {
            "0": 0.875,
            "1": 0.125
        },
        "proportion_shifts": {
            "0": 0.099,
            "1": 0.099
        },
        "drift_detected": false
    },
    "HighFareFlag": {
        "train_proportions": {
            "0": 0.504,
            "1": 0.496
        },
        "live_proportions": {
            "-0.7684272507569283": 0.125,
            "-0.7810731837442871": 0.125,
            "-0.8200960270076277": 0.062,
            "3.3155567858597546": 0.062,
            "-0.7765004970461": 0.062,
            "2.1411707118605783": 0.062,
            "-0.7420567990779777": 0.062,
            "2.0612455735977773": 0.062,
            "0.0728050125747701": 0.062,
            "-0.5692893284897017": 0.062,
            "0.6538074843198215": 0.062,
            "-0.2097586075462418": 0.062,
            "0.4264132000404939": 0.062,
            "0.7315819097711868": 0.062
        },
        "proportion_shifts": {
            "0": 0.504,
            "1": 0.496,
            "-0.8200960270076277": 0.062,
            "-0.7810731837442871": 0.125,
            "-0.7684272507569283": 0.125,
            "3.3155567858597546": 0.062,
            "-0.7765004970461": 0.062,
            "2.1411707118605783": 0.062,
            "-0.7420567990779777": 0.062,
            "2.0612455735977773": 0.062,
            "0.7315819097711868": 0.062,
            "0.0728050125747701": 0.062,
            "0.6538074843198215": 0.062,
            "0.4264132000404939": 0.062,
            "-0.2097586075462418": 0.062,
            "-0.5692893284897017": 0.062
        },
        "drift_detected": true
    }
}