{
    "best_model": "RandomForest",
    "metrics": {
        "LogisticRegression": {
            "accuracy": 0.773044203502919,
            "precision": 0.7225413324324396,
            "recall": 0.6016666666666668,
            "f1": 0.6542370865849128,
            "roc_auc": 0.8024236741519349
        },
        "RandomForest": {
            "accuracy": 0.8041534612176813,
            "precision": 0.8333260073260073,
            "recall": 0.5707692307692308,
            "f1": 0.6730647989560395,
            "roc_auc": 0.8113958034718906
        },
        "XGBoost": {
            "accuracy": 0.8096246872393662,
            "precision": 0.8140401615830454,
            "recall": 0.6111538461538462,
            "f1": 0.6937039431157078,
            "roc_auc": 0.8110391782130912
        },
        "NeuralNetwork": {
            "accuracy": 0.7821517931609675,
            "precision": 0.735930735930736,
            "recall": 0.6267948717948718,
            "f1": 0.6656130198915009,
            "roc_auc": 0.8100916149068322
        }
    }
}